,hashtag,count
1,#writing prompts,131
0,#writing prompt,117
10,#writing,104
5,#writeblr,57
2,#prompts,55
6,#writing inspiration,40
24,#prompt,35
4,#writers on tumblr,32
60,#prompt list,30
14,#dialogue prompt,29
9,#writing ideas,29
66,#creativepromptsforwriting,25
61,#creative writing,23
22,#daily writing prompt,23
15,#story prompt,22
38,#reblog,21
23,#promptsforthestrugglingauthor,20
12,#oc prompt,19
17,#story ideas,18
18,#creative writing prompt,18
16,#story inspo,16
20,#creative writing ideas,16
45,#I,16
3,#writers,15
35,#twitter,13
19,#creative writing inspo,13
8,#daily prompt,13
21,#original prompt,12
13,#imagine your ocs,12
212,#dialogue prompts,9
223,#i,9
149,#writing community,9
26,#inspo,9
113,#dialogue,8
46,#writblr,8
67,#writing tips,7
36,#story prompts,7
64,#blind date prompts,7
30,#short prompt,7
59,#writing inspo,7
148,#writers of tumblr,7
89,#oc,6
100,#inspiration,6
280,#they,6
330,#my writing,6
142,#anon ask,6
94,#oh,5
39,#queue,5
328,#for later,5
943,#rockstar au,5
465,#march prompts,5
479,#creativepromptsforwritingask,5
944,#rockstar prompts,4
155,#break,4
154,#unrequited love prompts,4
945,#musician prompts,4
152,#masterpost,4
946,#band prompts,4
947,#band au,4
168,#blind faith prompts,4
386,#one word prompts,4
146,#writing advice,4
213,#fantasy,4
11,#writing help,4
208,#randomstoryprompts,4
205,#hero x villain,4
1233,#fake dating,4
130,#reblogs,4
164,#first kiss prompts,4
380,#sickness prompts,4
95,#that,4
297,#it,4
156,#prompt lists,4
577,#saving for later,4
50,#writing stuff,4
289,#cats,4
68,#prompts i might use in the future,4
279,#ch,4
62,#save,4
169,#Prompts,3
527,#blind dates,3
366,#writing prompt s,3
124,#ss,3
696,#au ideas,3
47,#saving for the future,3
175,#ooc,3
143,#ask,3
29,#imagine your oc,3
57,#hurt comfort dialogue prompts,3
592,#don,3
163,#first kisses,3
41,#q,3
385,#fever,3
452,#smut,3
304,#fanfic prompt,3
278,#lol,3
438,#nsfw,3
364,#ideas,3
435,#smut prompts,3
92,#vampire au,3
327,#oooooh,3
466,#monthly prompt list,3
33,#Instagram,2
1178,#romance,2
178,#caye writes,2
540,#monthly prompts,2
541,#spring prompts,2
382,#betrayal,2
1253,#prompt 958,2
384,#mod mint,2
1205,#au,2
167,#fluffy,2
166,#soft prompts,2
281,#lmao,2
519,#prompt 952,2
544,#writingcommunity,2
626,#villain,2
307,#relatable,2
1255,#obey me,2
1199,#ref,2
547,#fluff,2
1190,#tropes,2
159,#prompt 953,2
387,#one word prompt list,2
874,#short story,2
1118,#fic prompts,2
179,#illimaia,2
643,#ȼ,2
353,#otp prompts,2
1228,#dating,2
355,#reblogging to find later,2
270,#saved for later,2
356,#non fandom specific stuff,2
596,#definitely write later,2
275,#heroes,2
211,#villain au,2
210,#villain prompt,2
209,#hero prompt,2
276,#villains,2
362,#save for later,2
1165,#fanfiction,2
652,#she,2
528,#dating prompts,2
372,#hmmm,2
601,#on writing,2
1191,#jojos bizarre adventure,2
388,#sick fic,2
843,#writing prompt fill,2
7,#topical prompt,2
197,#kuroji shitodo,2
196,#tsubakura enraku,2
960,#fic ideas,2
192,#3 and 9,2
191,#ouro,2
351,#date,2
349,#characters,2
25,#education,2
32,#Prompt,2
153,#bad romance,2
123,#ik,2
412,#memes,2
998,#just rebloging,2
999,#This is the second one today one today,2
1000,#It,2
102,#fic inspo,2
480,#misunderstanding prompts,2
96,#rb,2
93,#undead au,2
91,#undead prompt,2
90,#vampire prompt,2
86,#and,2
427,#hurt,2
84,#and also,2
428,#for writing,2
474,#misunderstandings,2
473,#plots,2
731,#i may write this,2
70,#adagumo no saragimaru,2
767,#o,2
27,#fantasy prompt,2
28,#fantasy inspo,2
58,#hurt comfort,2
1014,#we,2
51,#orbits of fancy,2
743,#my fiction,2
449,#not mine,2
451,#oooooooh,2
31,#text,2
34,#IFTTT,2
117,#viil vibes,2
165,#soft kisses,2
501,#angst,2
815,#harrymort,2
140,#write later,2
129,#touch later,2
503,#angst prompts,2
144,#how to write,2
145,#how to write dual timelines,2
1265,#no matter who said that,2
933,#ehhhhhh,1
927,#slay ig,1
928,#psychological thriller,1
929,#i like writing,1
930,#sometimes,1
931,#when im not procrastinating on projects,1
932,#i dont really like this,1
962,#homestuck,1
934,#I took me 7 hours to write this,1
926,#thriller,1
936,#procrastinate,1
937,#teehee,1
977,#read this in country bumpkin accent,1
978,#i am not a profegional i just wanted,1
938,#hope u like it,1
979,#warrior of light,1
939,#if u dont,1
940,#oh well,1
1012,#if only,1
1011,#meridacore,1
935,#because,1
925,#pfffft,1
1013,#maybe,1
919,#writersofig,1
913,#science fiction,1
914,#sci fi,1
915,#annabelle,1
974,#willow,1
916,#i might bring annabelle back for more scientist,1
912,#posts by fitz,1
917,#writerblr,1
975,#instability,1
918,#short story a day,1
1020,#everyone in the notes is saying cats and,1
920,#writerscommunity,1
942,#Eurdyn,1
921,#español,1
922,#lets pretend i know how to write on,1
1019,#dwarf,1
1018,#elf,1
976,#unstable gift,1
1017,#Truman Show 2,1
1016,#ooh the,1
1015,#i love the concept,1
923,#PRETEND,1
924,#in a world where an idiot pulls a,1
941,#insp,1
1010,#merida but with the queen,1
972,#i like this prompt but i cannot imagine,1
994,#help,1
958,#oh my god look at these,1
966,#is this lord of the rings,1
1001,#Trueee,1
983,#work in progress,1
965,#writing challenge,1
984,#genius,1
997,#specimen 11,1
959,#these are perfect,1
996,#spooky,1
995,#4 and 5 are calling to me,1
964,#for future writing,1
956,#everything comes back to teslen,1
993,#ahfsjfsjfsjfs,1
992,#stuff for later,1
991,#my autobiography,1
990,#breakup,1
963,#me when I write my mothers autobiography,1
989,#fantastic beasts,1
988,#fantastic beats and where to find them,1
987,#late night thoughts,1
986,#mindblowing,1
961,#open heart platinum crossover potential,1
957,#writing resources,1
955,#finish dunga,1
985,#great idea,1
1005,#OOOOOO,1
1009,#merida,1
1008,#brave,1
1007,#brave but it keeps happening over and over,1
980,#hopeful,1
971,#this would be so fun,1
1006,#good for her,1
981,#sparks of hope,1
970,#saving this for inspo,1
982,#books and reading,1
948,#EARTHBOUND,1
1004,#quicksave,1
1002,#In school rn so can,1
949,#Barbatos and Mammon,1
950,#om inspo,1
973,#ocs,1
952,#list of prompts,1
969,#When he,1
953,#holding the c stick,1
968,#After his college years and all,1
967,#Might use this for a Dirk thing,1
954,#i love all these and wanna write teslen,1
1003,#all my brain can think about is David,1
951,#This is unreal,1
860,#because they won,1
911,#lmk what yall think i was bored in,1
802,#thats just christians,1
809,#ha,1
808,#ex jehovah,1
807,#ex cult,1
806,#ex jw,1
805,#exjw,1
804,#this is just real life wdym,1
803,#this isn,1
801,#ik lots of people who have bad reactions,1
792,#i sense a fic idea,1
800,#you can literally just say ur allergic to,1
799,#I think of samuel with this,1
798,#something tells me something horrible is about to,1
797,#words only,1
796,#sue the genie for infinite wishes,1
795,#FFXIV Dark Knight,1
794,#wip idea,1
810,#omg i have a characters that,1
811,#wait a minute,1
812,#there,1
813,#something amazing,1
829,#not by dying tho,1
828,#i wanna be greeted by cerberus the best,1
827,#untitled steampunk story,1
826,#YouTube,1
825,#meme,1
824,#ive seen this one before,1
823,#thanks kirkbride,1
822,#i think thats enough tumblr for today,1
821,#anyway,1
820,#but i was looking through the notes and,1
819,#thats cool,1
818,#also lupine,1
817,#that one y,1
816,#tomarrymort,1
814,#tomarry,1
793,#rose lalonde,1
791,#this has a very easy solution guys,1
831,#OH AWHHHHHH,1
762,#for the answer this just gave me,1
770,#very noice,1
769,#future reference,1
768,#we dont have disposable thumbs,1
766,#goodbye thumbs ig,1
765,#welp,1
764,#edward and alphonse elric,1
763,#is this a spelling mistake,1
761,#because i was looking,1
790,#lesbian,1
760,#my story has been dead in the water,1
759,#but also my siblings,1
758,#THIS HAS POTENTIAL FOR GUTWRENCHING MATERIAL,1
757,#Castlevania,1
756,#though he has white hair not blonde,1
755,#john bryant,1
754,#lucifer can fuck right off,1
771,#get qued idot,1
772,#imagine being that lucky lmao,1
773,#ru reblogs,1
774,#oh wow this sounds fkn cool rn,1
789,#honestyandcommunication2023,1
788,#modernity,1
787,#totalhonesty,1
786,#prompt response,1
785,#jaine astarte,1
784,#swau,1
783,#quote,1
782,#three times the cuddles,1
781,#three times the love,1
780,#three heads,1
779,#cerberus best boi,1
778,#OH MY GOD YES,1
777,#especially making the plot yessss,1
776,#would be fun,1
775,#might write something with this in it,1
830,#i want to pet,1
832,#PROMISE,1
910,#long post,1
883,#murder hobo wife,1
890,#don or something,1
889,#BAHAHHAHAHAHHA,1
888,#random story prompts,1
887,#time to sit back and watch the world,1
886,#this is why,1
885,#no,1
884,#i want to attack people who show up,1
882,#cryptids,1
872,#feminism,1
881,#writingprompt,1
880,#Fucking end me,1
879,#but also,1
878,#Awesome,1
877,#ithoughtThisWasAJokePostAtFirstLol,1
876,#educators,1
875,#flash fiction,1
891,#eyyyy im lurkin here,1
892,#Fuck schools,1
893,#fuck parents who put this much pressure on,1
894,#fuck my hallucinations and my insomnia and that,1
909,#is there any way that i am not,1
908,#i am cold and blue and floating,1
907,#you only see the stories i want you,1
906,#iceberg,1
905,#i am an iceberg,1
904,#What am I even doing,1
903,#Castle,1
902,#Writing,1
901,#Instagram IFTTT,1
900,#geese just have less shame,1
899,#honestly swans are more dickish than geese,1
898,#sleep,1
897,#mawarsmusings,1
896,#fuck the fact that children slowly dying in,1
895,#fuck the fact that this isn,1
873,#feminist,1
871,#she looks like a distant relative of the,1
833,#Im currently writing a book where the ending,1
842,#the best rich is the kind you don,1
850,#Infinitebowl writing fiction writingprompts McHitmen,1
849,#zabyvchivyy,1
848,#zabyvchivyy prompts,1
847,#whats it like,1
846,#i wanna know,1
845,#ive never used it before so,1
844,#viagra,1
841,#rich,1
870,#i wish i could write like donna tartt,1
840,#step in line,1
839,#i am queued,1
838,#showing love,1
837,#humans,1
836,#swan queen,1
835,#this has SQ hurt,1
834,#this is what i need to rip my,1
851,#this is a REALLY good way to think,1
852,#I find this fascinating bc plenty of villains,1
853,#I for one don,1
854,#but those who do can be utilized SUPER,1
869,#indian,1
868,#writer,1
867,#I love this writing prompt a lot,1
866,#in front of their heater,1
865,#in order to curl up,1
864,#and have made a nest out of it,1
863,#off the top of their hidey,1
862,#currently they have dragged the fleece,1
861,#when I put the vitamin c drops in,1
1022,#I mean they ARE vicious predators,1
859,#and also babyfood spiked with extra vitamin c,1
858,#they eat lettuce and hay and pellets,1
857,#they ruUUMmmbbBle,1
856,#they squeal,1
855,#they poop,1
1021,#Humans,1
1087,#help i read,1
1023,#but they,1
1235,#ooooo,1
1232,#oh snap,1
1231,#rubbing my goblin hands over this trope,1
1230,#prompt the witch,1
1229,#dates,1
1227,#basils little words,1
1226,#i have 1 month to finish this,1
1225,#but when i open gdocs there are not,1
1224,#fic for the exchange is almost done in,1
1223,#i ask this question every day,1
1222,#Inspo,1
1221,#intriguing,1
1220,#Jana die sind alle klasse,1
1219,#noooo,1
1218,#I lowkey love it,1
1217,#whaaaat,1
1234,#writing prompts lists,1
1236,#writing help bc i haven,1
1024,#and forgive,1
1237,#but that,1
1252,#WRITER BRAIN GO BRRRRR,1
1251,#ohhhh this is giving Tess,1
1250,#dude i cant even say that in my,1
1249,#only moth fluff will do,1
1248,#the only possible way is moth fluff,1
1247,#ffr,1
1246,#for future use,1
1245,#romione fanfic,1
1244,#waffles,1
1243,#HELLO,1
1242,#romance tag,1
1241,#Chasing Chaos Blurs,1
1240,#AU Prompt,1
1239,#Prompt List,1
1238,#reblogging for reference purposes,1
1216,#trope talk,1
1215,#for writers,1
1214,#creative prompts,1
1213,#fiction,1
1192,#im screaming crying throwing up,1
1189,#rickorty,1
1188,#oh this gives me ideas,1
1187,#queue do count,1
1186,#reblogged,1
1185,#au prompts,1
1184,#in every confession scene Reid has this vibe,1
1183,#OHHHHH this one is so good,1
1182,#couldn,1
1181,#sherlolly,1
1180,#i love this prompt so much,1
1179,#well i know what I,1
1177,#about me,1
1176,#data,1
1175,#alone,1
1193,#rpmeme,1
1194,#someone send me a character to write this,1
1195,#reblog time,1
1206,#yyeesssss I love unusual AU combos,1
1212,#au combos,1
1211,#fairytale and outer space combination sounds cool af,1
1210,#I like it,1
1209,#Oooo AU crossovers,1
1208,#not my writing,1
1207,#ghost x boarding school in particular sounds interesting,1
1204,#alternate universe,1
1196,#me asking someone to repeat themselves for the,1
1203,#good luck non Australians,1
1202,#gonna have to come back to this,1
1201,#possible Faylen prompts hmm,1
1200,#have fun you guys,1
1198,#jojo reference,1
1197,#hehe,1
1254,#oh frick I might need to use this,1
1256,#shen qingqiu,1
1257,#Ian wangji,1
1295,#reference,1
1311,#need this for later,1
1310,#bookmark to read later,1
1309,#saving this,1
1308,#omg,1
1307,#original work,1
1306,#reminders,1
1305,#writing things,1
1304,#believe me i have lost countless conversations building,1
1303,#and youll be left eith that empty feeling,1
1302,#otherwise itll disappear,1
1301,#unfortunately yes,1
1300,#damn i had something good for this but,1
1299,#this is me,1
1298,#me currently,1
1297,#writing motivation,1
1312,#fave,1
1313,#Writing prompts,1
1314,#atlqntc prompts,1
1323,#so thanks,1
1329,#apologies if that,1
1328,#sounds exactly like what you,1
1327,#gone to hell is dual timeline and an,1
1326,#not saying to read my fic but uhhhh,1
1325,#ty bread,1
1324,#I see he,1
1322,#and i was just thinking recently that i,1
1315,#atlqntc fluff prompts,1
1321,#i struggle a lot with knowing what Business,1
1320,#ooh some Events and Situations,1
1319,#prompt ideas,1
1318,#anyway he sets on a journey thinking he,1
1317,#who,1
1316,#atlqntc,1
1296,#queue are you,1
1294,#saving for future reference,1
1258,#when your inner demon is hawt,1
1293,#plot,1
1274,#YES LET ME FACE THIS SPECIFIC DEMON,1
1273,#peaky blinders,1
1272,#alfie solomons,1
1271,#tom hardy,1
1270,#lorkai reblogs,1
1269,#mc talking about one of the brothers,1
1268,#stealing tags because it,1
1267,#alfie,1
1266,#tommy,1
1264,#i can see it,1
1263,#this is an obey me prompt,1
1262,#ohh,1
1261,#oh fuck,1
1260,#look at this fur and fluff,1
1259,#now that would be an issue eh,1
1275,#plot of every other darkling fanfic,1
1276,#I had to start a new post for,1
1277,#I mean look at him,1
1286,#TY,1
1292,#amelia bedelia and the boss who put a,1
1291,#great advice,1
1290,#crook things,1
1289,#posted by sm,1
1288,#writing lessons,1
1287,#THANK YOU,1
1285,#YES,1
1278,#date prompts,1
1284,#WRITINGG,1
1283,#TIPS,1
1282,#TIP,1
1281,#HELPFUL,1
1280,#writing tip,1
1279,#drawing prompts,1
1174,#words,1
1173,#trying to befriend my skeletons atm I,1
1172,#keep,1
1060,#a gun can do what most supers can,1
1076,#oc tag,1
1075,#columbo,1
1074,#destiel,1
1073,#villaneve,1
1072,#hannigram,1
1071,#arthur pendragon,1
1070,#merthur,1
1069,#merlin,1
1068,#upstead forever,1
1067,#Jay about Hailey,1
1066,#me irl,1
1065,#The boys,1
1064,#a gun,1
1063,#with like,1
1062,#and they never account for it in their,1
1077,#comedy,1
1078,#this is us,1
1079,#This is literally Darker than Black,1
1088,#creature,1
1094,#rebagels,1
1093,#pathfinder ryder,1
1092,#commander shepard,1
1091,#destiny hive worms,1
1090,#yea,1
1089,#creatures,1
752,#xD,1
1080,#Or Hamatora,1
1086,#i once had a nightmare similar to this,1
1085,#this is short film material,1
1084,#just a sweet setting,1
1083,#same tbh,1
1082,#literally cats,1
1081,#just,1
1061,#move faster than a person can see and,1
1059,#grech reblogs,1
1096,#hippos,1
1058,#and honestly he should,1
1039,#the british empire makes a comeback,1
1038,#tw,1
1037,#made in china,1
1036,#isekai,1
1035,#shenanigans,1
1034,#text reblog,1
1033,#LMAO,1
1032,#oh thats just how little me socialized,1
1031,#humanity isn,1
1030,#Puppy vibes,1
1029,#image prompt,1
1028,#for my vtuber,1
1027,#lore idea,1
1026,#ksdl,1
1025,#in spaaace,1
1040,#MC has been in a really immersive theme,1
1041,#you got three main ways of going about,1
1042,#one,1
1051,#avatrice,1
1057,#he might have not killed anyone but he,1
1056,#reigen arataka,1
1055,#incredibles,1
1054,#i swear this was an anime,1
1053,#Plot twist you,1
1052,#warrior nun,1
1050,#wlw,1
1043,#two,1
1049,#as beatrice kicks his ass,1
1048,#says ava,1
1047,#s,1
1046,#rebageled,1
1045,#lit,1
1044,#this was just my first thought,1
1095,#sharks,1
1097,#crocodiles,1
1171,#oh boi,1
1135,#but she knows it is her duty to,1
1151,#bad romance prompts,1
1150,#my wips,1
1149,#wip,1
1148,#gw,1
1147,#gundam wing,1
1146,#queen of the world,1
1145,#relena,1
1144,#relena darlian,1
1143,#relena peacecraft,1
1142,#osas,1
1141,#queenie osas,1
1140,#skye osas,1
1139,#do i do this for dany or lissa,1
1138,#Great American biotic interchange 2,1
1137,#so she puts it back on,1
1152,#Kristanna,1
1153,#Kristoff and Anna,1
1154,#anna x kristoff,1
1163,#proceeds to forget 20 percent of the story,1
1170,#HE WANTS YOU TO PHOTOSHOP THE PICTURES ON,1
1169,#EMERGENCY your boss has NOT been calling hits,1
1168,#yes it does,1
1167,#Just me,1
1166,#Me,1
1164,#random,1
1162,#no need to put it anywhere else,1
1155,#Queen Anna,1
1161,#me,1
1160,#about,1
1159,#i know this is just a prompt but,1
1158,#hibi carlando,1
1157,#tsor,1
1156,#carlos crown on tsor,1
1136,#to keep herself safe,1
1134,#she imagines throwing it into the creek that,1
1098,#bears,1
1133,#she takes off the crown and stares at,1
1113,#8 would be fun to think of,1
1112,#and Mer does not look like a polite,1
1111,#NO ONE believes that Meli and Bela are,1
1110,#also completely funny when I think about if,1
1109,#everyone,1
1108,#and 4 would be so fucking funny I,1
1107,#Cheri being called a sweetheart but he is,1
1106,#BUT NUMBER 3 IVE THOUGHT ABOUT SO MUCH,1
1105,#but he,1
1104,#even funnier if Weichei didn,1
1103,#WAIT 2 WOULD BE SO FUNNY,1
1102,#THIS LITERALLY MODERN TEMEICHEI FOOFPFT,1
1101,#did you mean,1
1100,#anime magic girl transformation sequence,1
1099,#fucking wolves,1
1114,#even tho weich would,1
1115,#voli kinda is a free spirit tho,1
1116,#and peri would,1
1126,#ooh medieval,1
1132,#and she takes a break from the celebrations,1
1131,#This actually reminds me a lot of one,1
1130,#character types,1
1129,#I love the unpretentious characters types,1
1128,#oh no dont rile up the sea queen,1
1127,#the crown of a future queen laying heavy,1
1125,#sun,1
1117,#eurdyn,1
1124,#lillie,1
1123,#sunflowershipping,1
1122,#lightsunshipping,1
1121,#pokemon,1
1120,#hello again royalty au that i abandoned,1
1119,#oooooo,1
753,#oh yeah disposable thumbs everybody has them,1
665,#just for fun,1
751,#jane smith,1
253,#lol reminder for me to do theseseeseeeee pls,1
316,#favorite,1
315,#damn,1
314,#except none of u know what numinous is,1
313,#NUMINOUS LORE,1
312,#this feels SO captainswan lol,1
311,#i just wanted to use my downtime to,1
310,#and although it was a once,1
309,#and the family i worked for took me,1
308,#actually this reminds me of when i was,1
306,#what a mood,1
305,#pip,1
303,#promptsforthestruggling author,1
302,#and then she does,1
301,#its giving wolfpack dialogue vibes,1
300,#or sixes and nero,1
317,#I might write to this,1
318,#fotf,1
319,#faith of the fathers,1
331,#not a prompt,1
337,#post some character development,1
336,#like either or please,1
335,#but yes rage AND placid waters,1
334,#ok but why do i get no butterflies,1
333,#found family,1
332,#found family found family found family,1
329,#hero and villain,1
320,#scenes,1
326,#action prompts,1
325,#action prompt,1
324,#action,1
323,#mentor and mentee prompts,1
322,#mentor and mentee prompt,1
321,#mentor and mentee,1
299,#or nines and do,1
298,#or trees and fives,1
296,#story idea,1
262,#Lennox,1
268,#You have a lot to make for,1
267,#So no I will not apologize for breaking,1
266,#Sorry doesn,1
265,#love torturing this awful man,1
264,#he,1
263,#Jeremiah is going,1
261,#Vestria,1
271,#also imagine your otp,1
260,#apologies,1
259,#writing prompts for the struggling author,1
258,#hero au,1
257,#lol Amiver inspo,1
256,#setting prompt,1
255,#if you know,1
269,#a scoundrel and their swordsnake,1
272,#harry potter oc,1
295,#obx,1
287,#fav,1
294,#jj maybank,1
293,#my ocs,1
292,#finley,1
291,#defuwa,1
290,#open the gate,1
288,#jiang cheng and wei wuxian,1
286,#coming for peter parkers throat with this one,1
273,#fred weasley,1
285,#come back to this,1
284,#maybe mha or smth u know,1
283,#remind me to do this later as I,1
282,#i love me some dumbass in a serious,1
277,#hero villain prompt,1
274,#harry potter,1
338,#I hope they one day find this mindset,1
339,#but as it stands,1
340,#thry still got a long way down to,1
401,#griffin x faragonda,1
407,#mercy x adam,1
406,#incorrect mercy thompson quotes,1
405,#okay this is a mercy thompson quote if,1
404,#I did it and to this day I,1
403,#she asked me to throw away her wrapper,1
402,#Sylvester,1
400,#ITS GIVING ME IDEAS,1
409,#who in svt and why is it jeonghan,1
399,#OOF THIS ONE HURTS SO GOOD,1
398,#tanyame vibes,1
397,#literally,1
396,#1x03,1
395,#rnm echo,1
394,#Not my prompt,1
408,#Juni 24,1
410,#twogyuu,1
392,#My OCs,1
420,#happy international women,1
426,#arthuriana,1
425,#and they,1
424,#monty python,1
423,#in this thesis i will,1
422,#I feel like you,1
421,#by promptsforthestrugglingauthor,1
419,#iwwd,1
411,#hurt comfort promts,1
418,#oh i like this vibe a lot,1
417,#this is the plot of hotel transylvania 3,1
416,#i like that wip and will finish it,1
415,#actually 22 and 24 also,1
414,#love these,1
413,#21 is the entirety of that one lilo,1
393,#My writing,1
391,#SoS Morty Harper,1
341,#and Suzumi,1
350,#writing practice,1
360,#writbl,1
359,#thank you,1
358,#i am literally about to write this,1
357,#this is so one of my ocs,1
354,#AND THEN THEY DIDN,1
352,#prompt 2237,1
348,#petrichor,1
363,#in need of a plot,1
347,#jupiter writes,1
346,#aria,1
345,#misfits,1
344,#because she,1
343,#but also tongue in cheek ig,1
342,#Nelo,1
361,#emperor,1
365,#tumblr writing prompts,1
390,#SoS Mirabell McRae,1
376,#Imagine your OTP,1
389,#reblog to save for later,1
383,#religious,1
381,#fever prompts,1
379,#will be using,1
378,#hnn,1
377,#immortal,1
375,#You KNOW who I,1
367,#wait hold up,1
374,#harmless like an invasive species a rich asshole,1
373,#i kinda like all of these,1
371,#It probably makes Cortona so frustrated pfpfff,1
370,#Low key Reil,1
369,#this prompt makes no sense and i,1
368,#like,1
254,#oh this has,1
252,#mother timothy goose,1
430,#ohhh this is so,1
251,#ylfa snorgelsson,1
120,#ge,1
119,#gg,1
118,#g,1
116,#commander vibes in general,1
115,#floofty bugsnax,1
114,#locklyle,1
112,#dialogue ideas,1
111,#oooh the potential,1
110,#i am building a list of questions for,1
109,#didnt have a chance to last night,1
108,#i reeeeeaaaaally want a chance to question the,1
107,#man the shit we learned last night about,1
106,#here comes trouble,1
105,#wefrevef daphillis,1
104,#ysiad daphillis,1
121,#genge,1
122,#gengeal,1
125,#i could use this,1
136,#they can hide,1
150,#writing reference,1
147,#peepal Leo anyone,1
141,#oh queue,1
139,#sacrifice as an act of love,1
138,#everything everywhere all at once,1
137,#they can learn to blend in ffs,1
135,#they have been alive for sooo long,1
126,#potential fanfic idea,1
134,#give them a rich life pleaseeee,1
133,#culturally ignorant vampires are lame,1
132,#ugg,1
131,#pet peeve,1
128,#oh my god im living for this,1
127,#sybilla eirik,1
103,#bookmark,1
101,#poison wip,1
99,#oh no oh no oh no,1
52,#will have to come back to this one,1
65,#prompt 956,1
63,#fic prompt,1
56,#hold this,1
55,#till death do us part and then some,1
54,#its giving ambrosia laying down his life for,1
53,#couple inspo,1
49,#prev dont do this to me ive cried,1
71,#the former having the realization they are being,1
48,#pine hollow,1
44,#Writing help,1
43,#Writing ideas,1
42,#at,1
40,#reblog for future reference,1
37,#the q,1
69,#adagumo no yaorochi,1
72,#and the latter is being a bit more,1
98,#but specifically pre,1
81,#ghostface,1
97,#tagging this as pandora,1
88,#peepaw leo anyone,1
87,#keeper vezz,1
85,#qirri tinkerfirst,1
83,#the commander,1
82,#dead by daylight,1
80,#leon s kennedy,1
73,#it would be a shame if they got,1
79,#danny johnson,1
78,#ghostleon,1
77,#ouch this one hit hard,1
76,#imprint,1
75,#a relationship now severed,1
74,#now wouldn,1
151,#prompt 955,1
157,#stuff to write,1
158,#prompt 954,1
226,#otp,1
232,#Miruta Hanokai,1
231,#Olive Arnav,1
230,#Hansel Bakherel Drosselmeyer,1
229,#ships,1
228,#juju espeda,1
227,#eric amsel,1
225,#hartland,1
234,#jesstra,1
224,#oh this is for fluff lol,1
222,#scott tracy,1
221,#john tracy,1
220,#thunderbirds are go,1
219,#thunderbirds,1
218,#doubt there,1
233,#r,1
235,#petra,1
216,#it was rash to delete it but to,1
244,#kaitou kid vibes,1
250,#prince gerard of greenleigh,1
249,#rosumund du prix,1
248,#d20 pib,1
247,#pinocchicrow,1
246,#pinocchio,1
245,#dimension 20 neverafter,1
243,#skskksks,1
236,#SDMGMSDMGSDM NO SERIOUSLY,1
242,#but also me,1
241,#thats how their job and life is and,1
240,#being a true warrior,1
239,#its p clear that jessie,1
238,#she just want to go on adventures fight,1
237,#petra doesnt want to be a hero or,1
217,#it was a little over a year old,1
215,#other prompts,1
160,#ooo actually,1
176,#basil x ratigan,1
184,#I swear in the future after I draw,1
183,#ado,1
182,#mari,1
181,#writeblr posts,1
180,#tavi,1
177,#TAVI GILDAS,1
174,#speaking of Mensur,1
186,#comicart,1
173,#alas,1
172,#this poor woman already has a horrible plotline,1
171,#Vinsher and Wei,1
170,#Crosswatch,1
162,#rockstar au prompts,1
161,#bookmarks,1
185,#original story,1
187,#orginal comic,1
214,#cults,1
200,#so here ya go,1
207,#campaign,1
206,#laef pile of queue,1
204,#i love this so much,1
203,#AAAAAAAAAAAAAA,1
202,#giggles,1
201,#eat your heart out KuroTsuba fans,1
199,#this feels like an exchange right out of,1
188,#thorn,1
198,#I can,1
195,#teslen,1
194,#mm,1
193,#both of these ppl are gavin,1
190,#tfw revenge fantasy,1
189,#cod,1
429,#for inspiration,1
431,#ruhna talking to her ex killian,1
750,#isa marsaii,1
599,#slips this idea into the special tiny pocket,1
655,#unbridled,1
654,#angry hero,1
653,#And you better hope that they tether her,1
651,#dark mr,1
650,#and i will fuck them,1
649,#and you,1
648,#now everyone must suffer,1
647,#they did,1
646,#you asked them to make themselves comfortables whne,1
645,#about Bonely,1
644,#Bonely,1
642,#others writing,1
641,#inspi for meee,1
640,#villain redemption arc,1
639,#you find the true identity of the super,1
656,#rage,1
657,#liberating,1
658,#freedom,1
668,#Parker,1
674,#this but as ratatouille fanfiction,1
673,#ME,1
672,#they hate delivery men,1
671,#doc,1
670,#REAL,1
669,#the squad,1
667,#What a nice vampire,1
659,#Unleashed,1
666,#ficlet,1
664,#van helsing,1
663,#vampire,1
662,#this is really us,1
661,#humans are space australians,1
660,#microstory,1
638,#this chld is the godfather,1
637,#and I,1
636,#All I can think about is meri and,1
609,#penis explosion,1
615,#trug,1
614,#sad truf,1
613,#power word kill,1
612,#rincewind,1
611,#fart sound effect,1
610,#sorry,1
608,#oh this is hilarious,1
617,#use your hearts and brains,1
607,#the Dark,1
606,#isnt this a tma episode,1
605,#jejeje,1
604,#first thing to come into my mind was,1
603,#one of the sessions im planning for the,1
602,#swl vibes,1
616,#too many humans are pretty much the worst,1
618,#please and thank you,1
635,#ASDJSKALDJSALK,1
628,#old villain vs new villain,1
634,#AND HE,1
633,#HIS NAME IS BOB HE,1
632,#I WANNA WRITE A KOTLC AU,1
631,#AHAHAHAHAHAAHAHAH,1
630,#Just imagine twilight gets poofed from a high,1
629,#And I am incapable of breathing,1
627,#super villain,1
619,#the one part that isn,1
625,#ooooo i,1
624,#notebook,1
623,#to write,1
622,#oh this is briljant,1
621,#satan and the archangel,1
620,#angels and demons,1
675,#excellent,1
676,#I make,1
677,#two pbj sandwiches,1
723,#luxneedstowrite,1
729,#PLATONIC POWER COUPLE,1
728,#very funny,1
727,#concept wise,1
726,#but like,1
725,#not that fable or isla would do this,1
724,#this me fr uwu,1
722,#bees,1
732,#i feel like this is the plot of,1
721,#like the 80s,1
720,#the movie from,1
719,#highlander,1
718,#medic tf2,1
717,#fresh,1
716,#kin things,1
730,#god i forgot about those two i love,1
733,#lol i wish my bees respected me this,1
714,#going to be so well rested,1
742,#well that,1
749,#fnv,1
748,#writting prompt,1
747,#THIS IS GOLD,1
746,#IT,1
745,#BAHAHAHAHA,1
744,#and then everyone died,1
741,#Amazon,1
734,#i get NO respect,1
740,#yeah that checks out,1
739,#scifi writing,1
738,#humans are terrifying,1
737,#humans are space orcs,1
736,#kfmdofmdkf LOVE this,1
735,#Dania Sharling maybe,1
715,#practical uses of magic,1
713,#not anymore,1
678,#my soul gets harvested immediately,1
686,#introvert,1
692,#this would be both heaven and hell for,1
691,#oh id die so quickly,1
690,#I don,1
689,#also this is a nightmare for me,1
688,#like seriously I spend the majority of the,1
687,#guess I,1
685,#grilled cheese,1
694,#one clever predator and suddenly the herds are,1
684,#Garlic bread,1
683,#I will prepare bread,1
682,#this is not the best meal in the,1
681,#reminds me of Tenacious D,1
680,#aini,1
679,#modern johnny vs devil,1
693,#damn bro,1
695,#gonna file that one away,1
712,#sleep deprivation,1
705,#duh,1
711,#but could you,1
710,#except for to bed 8hrs before when i,1
709,#i will do anything to get eight hours,1
708,#honestly godly,1
707,#me fantasizing every morning when my alarm would,1
706,#writers ane tumblr,1
704,#and do hw,1
697,#this is what happens with The Entity and,1
703,#real shit,1
702,#Like Danny,1
701,#my babies,1
700,#sounds like Philip and Connor,1
699,#oh that,1
698,#I might write this someday but I,1
600,#this is a tool that will help us,1
598,#write later maybe maybe,1
432,#sick prompt,1
597,#art prompt,1
494,#polyamourous,1
493,#difficulty breathing,1
492,#fairy prompt,1
491,#do you have any idea how perverse this,1
490,#no like seriously,1
489,#serious fiction dangers,1
488,#getting written into the story,1
487,#boundary breaking,1
486,#directly stating the plot,1
485,#entities predating mortal notion of time,1
484,#Elemental force,1
483,#definitely not saving this for icemav purposes,1
482,#relationships,1
481,#would love to play,1
478,#wanted plots,1
495,#polyam relationships,1
496,#writing adivce,1
497,#fen reblogs,1
508,#heartbreak prompt,1
514,#ok imagine will halstead finally saying that to,1
513,#to do,1
512,#oh owww that,1
511,#betrayal prompts,1
510,#betrayal prompt,1
509,#heartbreak prompts,1
507,#heartbreak,1
498,#prompt or life advice,1
506,#heavy angst prompts,1
505,#heavy angst prompt,1
504,#heavy angst,1
502,#angst prompt,1
500,#sounds like a stede line,1
499,#tee hee,1
477,#plot inspo,1
476,#plot ideas,1
475,#creativewritingpromptsforwriting,1
442,#I write stuff,1
448,#vamps rambles,1
447,#drabble things,1
446,#ask meme things,1
445,#also if you use one of the other,1
444,#i mean i am writing,1
443,#let,1
441,#I cannot write smut but you never know,1
453,#nsft,1
440,#personal use only do not send pls,1
439,#tagging for those that don,1
437,#not sfw,1
436,#saving these for requests,1
434,#Medical AU,1
433,#illness,1
450,#sksbskdnks,1
454,#i kinda want to writw,1
472,#HAHAHAHAHAHHAHAHAHAHA,1
463,#writing asks,1
471,#and hey i did it,1
470,#just wanted to get something done,1
469,#made sure to find something silly,1
468,#first story,1
467,#astralunarwrites,1
464,#prompt 951,1
462,#hdkjhkjshdjkf sounds too fitting sorry op,1
455,#i miss it,1
461,#lokicore,1
460,#rose,1
459,#smutty dialogue,1
458,#writeblr community,1
457,#mayhaps,1
456,#damn am i just gonna become a smut,1
515,#angst hours,1
516,#Oof,1
517,#This is kinda giving me ideas,1
569,#zachary williamson,1
575,#rizwans,1
574,#we had too few of these for our,1
573,#kisses,1
572,#victor,1
571,#nala,1
570,#fera,1
568,#freddie moore,1
578,#quite a few sound like great fun,1
567,#anabella silvette,1
566,#or fusion au,1
565,#anyone from a new infection,1
564,#is this to distract fron thoughts I,1
563,#no one is obliged to of course,1
562,#so say we all,1
576,#these are golden,1
579,#blind date,1
560,#which is when I will probably answer all,1
588,#desperate kissing tho,1
595,#Yes he is immortal,1
594,#I have an OC with long,1
593,#Okay okay,1
591,#only three people know about this irl,1
590,#WIP,1
589,#feminisim,1
587,#all of these are great but,1
580,#creative prompts for writing,1
586,#kissing prompts,1
585,#Writing Prompts,1
584,#ooooohhhhhh,1
583,#many ideas,1
582,#type,1
581,#au list,1
561,#but,1
559,#criminal minds fic,1
518,#Ironstrange,1
529,#lots of these are fun,1
535,#stardew valley,1
534,#hey y,1
533,#RUNNIN,1
532,#sea foam,1
531,#heh,1
530,#and yes this account is my new favourite,1
526,#life advice,1
537,#dream smp,1
525,#peggy carter would say this,1
524,#rickcore,1
523,#rick sanchez,1
522,#is this not Yelena,1
521,#musings,1
520,#groog can take all your blood just by,1
536,#hlvrai,1
538,#bleach,1
558,#mgg smut,1
551,#a tale of moonstone and heather,1
557,#matthewgraygubler,1
556,#criminal minds,1
555,#mgg,1
554,#mack,1
553,#writing exercise,1
552,#spring,1
550,#word prompt,1
539,#probably more but brain empty,1
549,#monthly challenge,1
548,#general prompt,1
546,#doodling,1
545,#doodle prompts,1
543,#creative blog,1
542,#writing blog,1
1330,#just thought I,1
